City_ID,City,Country,Date,Lat,Lng,Max Temp,Humidity,Cloudiness,Wind Speed
0,Busselton,AU,2021-04-02 15:55:37,-33.65,115.3333,62.01,84,97,1.01
1,Grand-Santi,GF,2021-04-02 15:55:37,4.25,-54.3833,77.38,88,100,1.72
2,Galle,LK,2021-04-02 15:55:38,6.0367,80.217,81.25,84,27,10.54
3,Lebu,CL,2021-04-02 15:55:38,-37.6167,-73.65,59.99,79,45,14.61
4,Port Elizabeth,ZA,2021-04-02 15:54:52,-33.918,25.5701,64.4,82,0,16.11
5,Chapais,CA,2021-04-02 15:55:38,49.7834,-74.8492,17.6,29,1,16.11
6,Ushuaia,AR,2021-04-02 15:55:39,-54.8,-68.3,48.2,76,0,4.61
7,Ribeira Grande,PT,2021-04-02 15:55:39,38.5167,-28.7,60.8,88,75,19.57
8,Puerto Ayacucho,VE,2021-04-02 15:55:40,5.6639,-67.6236,89.76,52,97,4.07
9,Severo-Kurilsk,RU,2021-04-02 15:55:40,50.6789,156.125,27.73,82,60,17.11
10,Chokurdakh,RU,2021-04-02 15:55:40,70.6333,147.9167,-1.91,98,100,3.24
11,Tessalit,ML,2021-04-02 15:55:41,20.1986,1.0114,94.33,4,16,19.95
12,Mount Gambier,AU,2021-04-02 15:55:41,-37.8333,140.7667,55.4,71,0,5.75
13,Cape Town,ZA,2021-04-02 15:54:52,-33.9258,18.4232,69.8,56,0,11.5
14,Saldanha,ZA,2021-04-02 15:55:42,-33.0117,17.9442,71.6,53,80,10.36
15,Bilibino,RU,2021-04-02 15:55:42,68.0546,166.4372,-10.39,90,100,7.29
16,Ziniare,BF,2021-04-02 15:55:43,12.5822,-1.2983,102.2,7,0,13.8
17,Bredasdorp,ZA,2021-04-02 15:55:43,-34.5322,20.0403,69.8,49,96,11.5
18,Mount Isa,AU,2021-04-02 15:55:43,-20.7333,139.5,73.4,40,0,5.75
19,Jatai,BR,2021-04-02 15:53:45,-17.8814,-51.7144,89.74,38,44,0.81
20,Airai,TL,2021-04-02 15:55:44,-8.9266,125.4092,60.51,97,100,3.83
21,Bluff,NZ,2021-04-02 15:55:44,-46.6,168.3333,49.08,72,44,9.51
22,Atuona,PF,2021-04-02 15:55:44,-9.8,-139.0333,80.8,78,82,13.33
23,Quatre Cocos,MU,2021-04-02 15:55:45,-20.2078,57.7625,79.0,89,40,6.91
24,Mataura,NZ,2021-04-02 15:55:45,-46.1927,168.8643,38.84,96,55,2.1
25,Kantunilkin,MX,2021-04-02 15:55:45,21.0917,-87.45,77.0,57,75,17.27
26,Malinao,PH,2021-04-02 15:55:46,7.5917,124.6889,69.71,90,100,2.93
27,Ringas,IN,2021-04-02 15:53:58,27.35,75.5667,84.2,11,0,4.61
28,Punta Arenas,CL,2021-04-02 15:52:17,-53.15,-70.9167,48.2,71,0,16.11
29,Jamestown,US,2021-04-02 15:53:42,42.097,-79.2353,32.0,43,1,14.97
30,New Norfolk,AU,2021-04-02 15:55:47,-42.7826,147.0587,62.6,67,21,17.27
31,Bethel,US,2021-04-02 15:55:47,41.3712,-73.414,30.2,40,90,12.66
32,Praia,CV,2021-04-02 15:55:47,14.9215,-23.5087,87.8,22,0,17.27
33,Port Alfred,ZA,2021-04-02 15:52:59,-33.5906,26.891,63.14,82,100,17.94
34,Dikson,RU,2021-04-02 15:55:48,73.5069,80.5464,-7.04,79,100,6.38
35,Hobart,AU,2021-04-02 15:53:58,-42.8794,147.3294,62.6,67,26,17.27
36,Ugoofaaru,MV,2021-04-02 15:55:48,5.6667,73.0,83.46,74,0,10.22
37,Beringovskiy,RU,2021-04-02 15:55:48,63.05,179.3167,13.82,83,96,18.48
38,Fukue,JP,2021-04-02 15:55:49,32.6881,128.8419,64.18,86,100,17.34
39,Vaini,TO,2021-04-02 15:55:49,-21.2,-175.2,75.2,94,40,2.3
40,Georgetown,MY,2021-04-02 15:52:59,5.4112,100.3354,84.2,89,40,3.44
41,Bengkulu,ID,2021-04-02 15:55:49,-3.8004,102.2655,77.74,88,100,11.79
42,Bamenda,CM,2021-04-02 15:55:50,5.9527,10.1582,84.79,21,76,2.68
43,Saint George,US,2021-04-02 15:55:08,37.1041,-113.5841,53.6,28,1,5.75
44,Hithadhoo,MV,2021-04-02 15:55:51,-0.6,73.0833,83.88,77,29,20.0
45,Cairns,AU,2021-04-02 15:55:51,-16.9167,145.7667,75.2,83,75,11.5
46,Kapaa,US,2021-04-02 15:55:52,22.0752,-159.319,73.4,73,75,13.8
47,Ryotsu,JP,2021-04-02 15:55:52,38.0833,138.4333,54.45,78,95,4.43
48,Hilo,US,2021-04-02 15:55:52,19.7297,-155.09,66.2,88,20,4.61
49,Pangnirtung,CA,2021-04-02 15:55:53,66.1451,-65.7125,-16.6,58,1,3.91
50,Karratha,AU,2021-04-02 15:55:53,-20.7377,116.8463,82.74,52,0,3.15
51,Kulotino,RU,2021-04-02 15:55:54,58.45,33.3833,35.38,91,100,2.89
52,Sampang,ID,2021-04-02 15:55:54,-7.1872,113.2394,84.0,78,40,3.44
53,Clyde River,CA,2021-04-02 15:55:54,70.4692,-68.5914,-9.4,77,75,27.63
54,Kaeo,NZ,2021-04-02 15:55:55,-35.1,173.7833,61.0,86,47,4.0
55,New Port Richey,US,2021-04-02 15:51:02,28.2442,-82.7193,63.0,54,0,8.99
56,Palmares Do Sul,BR,2021-04-02 15:55:55,-30.2578,-50.5097,73.38,65,93,11.77
57,Inhambane,MZ,2021-04-02 15:55:55,-23.865,35.3833,82.4,51,20,4.61
58,Goderich,CA,2021-04-02 15:52:57,43.7501,-81.7165,33.8,40,5,16.11
59,Kahului,US,2021-04-02 15:54:06,20.8947,-156.47,68.0,100,1,6.91
60,Aklavik,CA,2021-04-02 15:55:56,68.2191,-135.0107,-18.4,76,100,2.3
61,Shelburne,CA,2021-04-02 15:55:56,44.0787,-80.2041,32.0,42,4,15.46
62,Iracoubo,GF,2021-04-02 15:55:57,5.4802,-53.2011,80.01,83,100,8.97
63,Saint-Philippe,RE,2021-04-02 15:55:57,-21.3585,55.7679,77.0,83,75,18.41
64,Jiuquan,CN,2021-04-02 15:55:57,39.7432,98.5174,44.78,21,100,10.42
65,Carnarvon,AU,2021-04-02 15:55:58,-24.8667,113.6333,80.6,78,15,12.66
66,Tuktoyaktuk,CA,2021-04-02 15:55:58,69.4541,-133.0374,-27.4,75,20,2.3
67,Ketchikan,US,2021-04-02 15:55:58,55.3422,-131.6461,35.6,100,90,13.8
68,Pochutla,MX,2021-04-02 15:55:59,15.7432,-96.4661,89.01,65,1,5.93
69,Carauari,BR,2021-04-02 15:55:59,-4.8828,-66.8958,79.63,91,91,2.04
70,Nikolskoye,RU,2021-04-02 15:55:59,59.7035,30.7861,39.2,70,75,6.71
71,Kruisfontein,ZA,2021-04-02 15:55:59,-34.0033,24.7314,63.0,91,100,3.0
72,Arraial Do Cabo,BR,2021-04-02 15:51:13,-22.9661,-42.0278,82.4,65,20,18.41
73,Dongzhen,CN,2021-04-02 15:56:00,22.3797,110.9389,76.41,75,2,2.77
74,Lappersdorf,DE,2021-04-02 15:56:00,49.0569,12.09,55.0,53,75,4.61
75,Falam,MM,2021-04-02 15:56:01,22.9167,93.6833,61.72,46,0,3.24
76,Haines Junction,CA,2021-04-02 15:56:02,60.7522,-137.5108,10.4,72,100,1.14
77,Ahmadpur Sial,PK,2021-04-02 15:56:02,30.6754,71.7483,86.0,20,0,6.91
78,Castro,BR,2021-04-02 15:56:03,-24.7911,-50.0119,71.8,48,27,3.42
79,Lavrentiya,RU,2021-04-02 15:56:03,65.5833,-171.0,8.04,94,100,18.05
80,Bulgan,MN,2021-04-02 15:54:03,48.8125,103.5347,29.95,30,0,1.61
81,Elko,US,2021-04-02 15:56:03,41.0002,-115.5012,51.01,40,1,4.41
82,Port Hardy,CA,2021-04-02 15:56:04,50.6996,-127.4199,41.0,100,90,6.33
83,Kavieng,PG,2021-04-02 15:56:04,-2.5744,150.7967,81.99,79,100,7.83
84,Wembley,AU,2021-04-02 15:56:04,-31.9333,115.8,70.0,88,75,9.22
85,Roma,US,2021-04-02 15:52:03,43.2128,-75.4557,32.0,40,40,13.8
86,Lompoc,US,2021-04-02 15:56:05,34.6391,-120.4579,48.2,100,0,4.79
87,Hun,LY,2021-04-02 15:53:06,29.1268,15.9477,78.89,16,0,4.88
88,Pangkalanbuun,ID,2021-04-02 15:56:05,-2.6833,111.6167,75.67,92,25,3.0
89,Provideniya,RU,2021-04-02 15:56:06,64.3833,-173.3,11.05,93,100,15.95
90,Monte Aprazivel,BR,2021-04-02 15:56:06,-20.7725,-49.7142,82.4,30,0,8.05
91,Antequera,ES,2021-04-02 15:56:06,37.0194,-4.5612,75.2,35,40,11.5
92,Taltal,CL,2021-04-02 15:56:07,-25.4,-70.4833,69.06,67,3,7.45
93,Sorland,NO,2021-04-02 15:56:07,67.667,12.6934,35.29,68,100,20.96
94,Butembo,CD,2021-04-02 15:56:07,0.15,29.2833,62.1,90,100,2.86
95,Cherskiy,RU,2021-04-02 15:56:08,68.75,161.3,-17.63,92,39,7.56
96,Maua,BR,2021-04-02 15:56:08,-23.6678,-46.4614,75.0,62,92,3.0
97,Pisco,PE,2021-04-02 15:56:08,-13.7,-76.2167,72.0,73,26,5.75
98,Waingapu,ID,2021-04-02 15:56:09,-9.6567,120.2641,77.13,91,100,6.38
99,Bongandanga,CD,2021-04-02 15:56:10,1.5,21.05,80.89,75,67,1.63
100,Upernavik,GL,2021-04-02 15:56:10,72.7868,-56.1549,-9.53,88,100,13.78
101,Zlynka,RU,2021-04-02 15:56:11,52.4267,31.7378,48.2,43,0,15.66
102,Lovozero,RU,2021-04-02 15:56:11,68.005,35.0117,28.09,92,100,5.03
103,Dalbandin,PK,2021-04-02 15:56:11,28.8947,64.4101,79.59,14,0,7.61
104,Hasaki,JP,2021-04-02 15:56:12,35.7333,140.8333,53.6,76,20,5.75
105,Mar Del Plata,AR,2021-04-02 15:52:30,-38.0023,-57.5575,69.8,68,40,10.36
106,Shimoda,JP,2021-04-02 15:56:12,34.6667,138.95,53.01,86,53,1.01
107,Rikitea,PF,2021-04-02 15:51:21,-23.1203,-134.9692,76.71,79,89,12.84
108,Butaritari,KI,2021-04-02 15:56:13,3.0707,172.7902,81.45,80,21,17.11
109,Kodiak,US,2021-04-02 15:56:13,57.79,-152.4072,30.2,34,1,4.61
110,Ankazoabo,MG,2021-04-02 15:56:14,-22.2833,44.5167,80.87,51,36,1.77
111,Norman Wells,CA,2021-04-02 15:56:14,65.282,-126.8329,-4.0,77,75,6.91
112,Meulaboh,ID,2021-04-02 15:56:14,4.1363,96.1285,77.41,84,100,7.94
113,Kavaratti,IN,2021-04-02 15:56:15,10.5669,72.642,83.71,62,97,10.54
114,Torbay,CA,2021-04-02 15:56:15,47.6666,-52.7314,48.99,81,75,11.5
115,Matamoros,MX,2021-04-02 15:56:15,25.5333,-103.25,66.99,48,40,6.71
116,Yar-Sale,RU,2021-04-02 15:56:16,66.8333,70.8333,30.45,98,100,6.29
117,Peterhead,GB,2021-04-02 15:56:16,57.5058,-1.7981,48.2,61,75,17.27
118,Gravdal,NO,2021-04-02 15:56:17,68.1214,13.5031,34.57,71,98,20.92
119,Ouargaye,BF,2021-04-02 15:56:17,11.5033,0.0572,101.44,4,8,9.17
120,Palmer,US,2021-04-02 15:56:18,42.1584,-72.3287,30.99,43,90,14.97
121,Sambava,MG,2021-04-02 15:56:18,-14.2667,50.1667,77.77,86,52,13.73
122,Itapolis,BR,2021-04-02 15:52:49,-21.5956,-48.8128,88.7,28,64,4.94
123,Grindavik,IS,2021-04-02 15:56:19,63.8424,-22.4338,42.8,75,75,16.11
124,Luganville,VU,2021-04-02 15:56:19,-15.5333,167.1667,78.37,87,100,1.9
125,Nampa,US,2021-04-02 15:51:25,43.5407,-116.5635,55.99,43,1,5.75
126,Barrow,US,2021-04-02 15:56:20,71.2906,-156.7887,-23.8,76,40,6.91
127,Fortuna,US,2021-04-02 15:51:40,40.5982,-124.1573,48.0,100,90,4.61
128,Yulara,AU,2021-04-02 15:56:20,-25.2406,130.9889,69.8,40,0,6.91
129,Ilhabela,BR,2021-04-02 15:56:21,-23.7781,-45.3581,79.32,62,52,7.2
130,Shetpe,KZ,2021-04-02 15:56:21,44.1667,52.1167,50.88,68,7,13.69
131,Luderitz,NA,2021-04-02 15:56:22,-26.6481,15.1594,74.64,48,0,23.49
132,Chicama,PE,2021-04-02 15:56:22,-7.8447,-79.1469,69.8,83,75,5.75
133,Codrington,AU,2021-04-02 15:56:23,-38.2667,141.9667,64.92,39,0,9.78
134,Dong Hoi,VN,2021-04-02 15:56:23,17.4833,106.6,76.68,91,100,7.38
135,Puerto Ayora,EC,2021-04-02 15:56:23,-0.7393,-90.3518,82.4,69,20,5.75
136,Mantua,IT,2021-04-02 15:56:24,45.1667,10.7833,77.0,25,0,4.61
137,Vao,NC,2021-04-02 15:56:24,-22.6667,167.4833,74.23,88,100,29.89
138,Aswan,EG,2021-04-02 15:54:10,24.0934,32.907,73.92,12,0,13.85
139,Lambarene,GA,2021-04-02 15:56:25,-0.7001,10.2406,86.0,74,75,4.18
140,Albany,US,2021-04-02 15:52:31,42.6001,-73.9662,30.0,46,100,12.21
141,Tiksi,RU,2021-04-02 15:56:26,71.6872,128.8694,-15.3,100,100,7.2
142,Pevek,RU,2021-04-02 15:56:26,69.7008,170.3133,-19.28,96,12,3.87
143,Portland,US,2021-04-02 15:55:28,45.5234,-122.6762,46.0,81,75,3.44
144,Atlantic City,US,2021-04-02 15:54:02,39.3643,-74.4229,35.6,35,20,24.16
145,Linxia,CN,2021-04-02 15:56:27,35.6003,103.2064,35.83,98,100,3.4
146,Vostok,RU,2021-04-02 15:56:27,46.4856,135.8833,35.31,80,100,7.09
147,Bosaso,SO,2021-04-02 15:56:27,11.2842,49.1816,81.32,64,2,3.91
148,Manokwari,ID,2021-04-02 15:56:28,-0.8667,134.0833,78.3,79,100,6.42
149,Mamallapuram,IN,2021-04-02 15:56:28,12.6264,80.1722,86.0,70,20,10.36
150,Autun,FR,2021-04-02 15:56:28,46.95,4.3,71.6,37,0,12.66
151,Buinsk,RU,2021-04-02 15:56:29,54.95,48.2833,41.0,65,67,15.66
152,Longyearbyen,SJ,2021-04-02 15:56:29,78.2186,15.6401,21.2,79,75,14.97
153,Dingle,PH,2021-04-02 15:56:30,10.9995,122.6711,75.83,87,100,6.51
154,Port Lincoln,AU,2021-04-02 15:56:30,-34.7333,135.8667,69.75,58,0,6.69
155,Hambantota,LK,2021-04-02 15:56:31,6.1241,81.1185,78.8,100,0,2.3
156,Nanortalik,GL,2021-04-02 15:56:31,60.1432,-45.2371,35.8,99,100,3.27
157,Salaga,GH,2021-04-02 15:56:31,8.5508,-0.5188,103.78,16,47,2.62
158,San Cristobal,VE,2021-04-02 15:56:32,7.7669,-72.225,78.8,89,75,4.61
159,Belokurikha,RU,2021-04-02 15:56:32,51.9959,84.9896,27.88,90,95,4.41
160,Benjamin Aceval,PY,2021-04-02 15:56:33,-24.9667,-57.5667,80.6,47,20,2.3
161,Bafq,IR,2021-04-02 15:56:33,31.6128,55.4107,78.91,27,99,9.89
162,Tual,ID,2021-04-02 15:56:33,-5.6667,132.75,82.78,77,92,6.96
163,Amapa,BR,2021-04-02 15:56:34,1.0,-52.0,73.92,96,100,2.01
164,East London,ZA,2021-04-02 15:56:34,-33.0153,27.9116,62.6,94,90,16.11
165,Arlit,NE,2021-04-02 15:56:34,18.7369,7.3853,92.01,5,1,8.93
166,General Roca,AR,2021-04-02 15:56:35,-39.0333,-67.5833,71.6,56,0,4.61
167,Maravilha,BR,2021-04-02 15:56:35,-26.7608,-53.1725,81.0,41,0,5.48
168,Cabo San Lucas,MX,2021-04-02 15:56:35,22.8909,-109.9124,78.8,29,20,8.25
169,Staraya Toropa,RU,2021-04-02 15:56:36,56.2801,31.6702,35.96,81,92,3.24
170,Antalaha,MG,2021-04-02 15:56:36,-14.9003,50.2788,76.66,86,46,10.74
171,Moron,AR,2021-04-02 15:56:37,-34.6534,-58.6198,73.4,56,0,10.36
172,North Platte,US,2021-04-02 15:56:37,41.1239,-100.7654,54.0,46,1,11.5
173,Hovd,MN,2021-04-02 15:56:37,48.0056,91.6419,30.22,33,22,2.93
174,Zhigansk,RU,2021-04-02 15:56:38,66.7697,123.3711,-2.87,98,100,7.58
175,Nurota,UZ,2021-04-02 15:56:38,40.5614,65.6886,53.6,37,3,13.8
176,Sinnamary,GF,2021-04-02 15:56:38,5.3833,-52.95,78.4,86,100,8.21
177,Cap Malheureux,MU,2021-04-02 15:56:38,-19.9842,57.6142,79.0,80,6,3.0
178,Petrovskoye,RU,2021-04-02 15:56:39,57.0104,39.2693,32.32,89,73,4.99
179,Urucara,BR,2021-04-02 15:56:39,-2.5364,-57.76,82.8,80,70,3.04
180,Baykit,RU,2021-04-02 15:56:39,61.67,96.37,20.86,97,100,1.5
181,Oriximina,BR,2021-04-02 15:56:40,-1.7656,-55.8661,80.82,84,90,5.19
182,Salta,AR,2021-04-02 15:56:34,-24.7859,-65.4117,68.0,68,90,4.61
183,Noshiro,JP,2021-04-02 15:56:40,40.2039,140.0242,48.52,78,100,6.35
184,Roebourne,AU,2021-04-02 15:56:40,-20.7833,117.1333,82.63,48,0,5.14
185,Aksu,CN,2021-04-02 15:56:41,41.1231,80.2644,45.32,59,100,8.61
186,Touros,BR,2021-04-02 15:56:41,-5.1989,-35.4608,86.0,62,40,10.36
187,Atar,MR,2021-04-02 15:55:20,20.5169,-13.0499,105.21,4,21,1.59
188,Thompson,CA,2021-04-02 15:56:42,55.7435,-97.8558,39.2,60,40,11.5
189,Dali,CN,2021-04-02 15:56:42,25.7,100.1833,53.49,44,0,5.23
190,Namatanai,PG,2021-04-02 15:56:42,-3.6667,152.4333,80.89,77,99,5.82
191,Ahuimanu,US,2021-04-02 15:56:43,21.4447,-157.8378,71.6,73,20,10.36
192,Nisia Floresta,BR,2021-04-02 15:56:43,-6.0911,-35.2086,89.6,58,20,11.5
193,Sao Joao Da Barra,BR,2021-04-02 15:56:43,-21.6403,-41.0511,86.0,48,0,4.61
194,Mehamn,NO,2021-04-02 15:56:44,71.0357,27.8492,31.01,88,99,0.38
195,Yumen,CN,2021-04-02 15:56:44,40.2833,97.2,44.42,18,100,20.87
196,Odda,NO,2021-04-02 15:56:44,60.0691,6.5457,45.0,62,52,5.99
197,Palora,EC,2021-04-02 15:56:45,-1.7,-77.9333,71.6,88,75,5.75
198,Naron,ES,2021-04-02 15:56:45,43.5167,-8.1528,60.01,85,93,7.0
199,Matara,LK,2021-04-02 15:56:46,5.9485,80.5353,80.64,86,29,11.25
200,Ilulissat,GL,2021-04-02 15:56:46,69.2167,-51.1,10.4,61,40,6.91
201,Leshukonskoye,RU,2021-04-02 15:56:46,64.8989,45.7622,29.48,96,100,1.23
202,Huarmey,PE,2021-04-02 15:56:47,-10.0681,-78.1522,73.76,75,60,7.72
203,Beloha,MG,2021-04-02 15:56:47,-25.1667,45.05,73.71,72,1,14.79
204,Aksha,RU,2021-04-02 15:56:47,50.2814,113.2867,28.58,59,0,6.31
205,Doctor Arroyo,MX,2021-04-02 15:56:48,23.6667,-100.1833,57.81,72,99,8.99
206,Port Blair,IN,2021-04-02 15:56:48,11.6667,92.75,76.32,71,92,2.64
207,Batemans Bay,AU,2021-04-02 15:56:49,-35.7167,150.1833,57.0,88,1,4.5
208,Yuzhno-Kurilsk,RU,2021-04-02 15:56:49,44.0306,145.8556,36.34,85,100,11.74
209,Mabaruma,GY,2021-04-02 15:56:49,8.2,-59.7833,81.86,60,96,5.84
210,Ostrovnoy,RU,2021-04-02 15:56:50,68.0531,39.5131,24.42,95,98,2.91
211,Salalah,OM,2021-04-02 15:56:48,17.0151,54.0924,84.2,70,0,5.75
212,Hay River,CA,2021-04-02 15:54:11,60.8156,-115.7999,3.2,66,67,11.5
213,Raudeberg,NO,2021-04-02 15:56:50,61.9875,5.1352,42.01,68,44,20.07
214,Novi Becej,RS,2021-04-02 15:56:51,45.5986,20.1356,62.47,51,39,13.33
215,Bougouni,ML,2021-04-02 15:56:51,11.417,-7.479,104.85,4,31,8.75
216,Hofn,IS,2021-04-02 15:56:52,64.2539,-15.2082,45.86,82,31,8.14
217,Columbus,US,2021-04-02 15:55:31,39.9612,-82.9988,39.99,44,20,10.36
218,Damghan,IR,2021-04-02 15:56:52,36.1683,54.348,71.67,23,42,17.45
219,Saskylakh,RU,2021-04-02 15:56:52,71.9167,114.0833,-37.21,100,49,3.22
220,Wanning,CN,2021-04-02 15:56:53,18.8003,110.3967,76.1,93,77,7.05
221,Sitka,US,2021-04-02 15:56:53,57.0531,-135.33,35.6,75,90,11.5
222,Kaitangata,NZ,2021-04-02 15:56:53,-46.2817,169.8464,41.9,91,49,5.86
223,Katsuura,JP,2021-04-02 15:56:54,35.1333,140.3,59.0,77,75,8.05
224,Revuca,SK,2021-04-02 15:56:02,48.6835,20.1173,51.01,65,40,14.97
225,Broken Hill,AU,2021-04-02 15:56:54,-31.95,141.4333,64.4,45,0,5.75
226,Khatanga,RU,2021-04-02 15:56:54,71.9667,102.5,-29.94,98,5,4.94
227,Tasiilaq,GL,2021-04-02 15:56:55,65.6145,-37.6368,32.0,86,90,6.91
228,Talnakh,RU,2021-04-02 15:56:55,69.4865,88.3972,-11.78,76,31,5.84
229,Qui Nhon,VN,2021-04-02 15:52:02,13.7667,109.2333,77.43,93,9,4.56
230,Broome,US,2021-04-02 15:56:55,42.2506,-75.833,30.0,50,75,18.41
231,Pitimbu,BR,2021-04-02 15:56:56,-7.4706,-34.8086,89.6,51,20,10.36
232,Alofi,NU,2021-04-02 15:56:56,-19.0595,-169.9187,69.8,100,19,2.3
233,Yaan,NG,2021-04-02 15:56:57,7.3833,8.5667,102.09,8,10,7.31
234,Kanye,BW,2021-04-02 15:56:57,-24.9667,25.3327,76.51,33,78,5.12
235,Hermanus,ZA,2021-04-02 15:56:57,-34.4187,19.2345,68.0,61,64,4.0
236,Grand Haven,US,2021-04-02 15:56:58,43.0631,-86.2284,39.0,48,1,8.05
237,Cosambesti,RO,2021-04-02 15:56:58,44.5593,27.4344,52.0,86,97,19.17
238,Prescott,US,2021-04-02 15:53:32,34.54,-112.4685,64.99,40,86,1.01
239,Mweka,CD,2021-04-02 15:56:59,-4.85,21.5667,73.38,93,92,0.65
240,Humaita,BR,2021-04-02 15:56:59,-7.5061,-63.0208,83.89,76,91,4.0
241,San Andres,CO,2021-04-02 15:57:00,12.5847,-81.7006,80.6,74,40,11.5
242,Yadrin,RU,2021-04-02 15:57:00,55.9405,46.2062,38.7,95,100,12.86
243,Yellowknife,CA,2021-04-02 15:57:00,62.456,-114.3525,5.0,85,90,5.75
244,Honiara,SB,2021-04-02 15:57:01,-9.4333,159.95,77.29,82,96,3.04
245,Sivaki,RU,2021-04-02 15:57:01,52.6333,126.75,23.59,74,100,23.76
246,Harper,LR,2021-04-02 15:57:01,4.375,-7.7169,83.7,73,69,7.47
247,Ponta Do Sol,PT,2021-04-02 15:57:02,32.6667,-17.1,64.99,65,53,5.01
248,Kuopio,FI,2021-04-02 15:57:02,62.8924,27.677,37.4,81,40,3.44
249,Senekal,ZA,2021-04-02 15:57:01,-28.3197,27.6208,73.42,35,76,8.5
250,Tahta,EG,2021-04-02 15:57:02,26.7693,31.5021,73.4,25,0,12.66
251,Jan Kempdorp,ZA,2021-04-02 15:57:03,-27.9225,24.8305,80.15,30,75,9.4
252,Kupino,RU,2021-04-02 15:57:03,54.3663,77.2981,32.92,86,100,16.84
253,Moerai,PF,2021-04-02 15:57:03,-22.4333,-151.3333,79.86,73,7,21.3
254,Kamenka,RU,2021-04-02 15:57:04,51.3223,42.7678,52.0,58,72,9.37
255,Denizli,TR,2021-04-02 15:57:04,37.8402,29.0698,51.8,54,40,11.5
256,Qaanaaq,GL,2021-04-02 15:57:04,77.484,-69.3632,-10.1,76,100,9.86
257,Tete,MZ,2021-04-02 15:57:05,-16.1564,33.5867,87.8,37,20,9.22
258,Cidreira,BR,2021-04-02 15:57:05,-30.1811,-50.2056,71.8,72,82,10.45
259,Benguela,AO,2021-04-02 15:57:05,-12.5763,13.4055,83.7,73,33,7.49
260,Mandalgovi,MN,2021-04-02 15:57:06,45.7625,106.2708,32.23,31,0,6.85
261,Charters Towers,AU,2021-04-02 15:57:06,-20.1,146.2667,65.28,77,1,9.64
262,Rivera,UY,2021-04-02 15:57:07,-30.9053,-55.5508,72.39,57,100,10.09
263,Makubetsu,JP,2021-04-02 15:57:07,45.3714,141.8211,39.97,76,100,10.31
264,Pierre,US,2021-04-02 15:57:08,44.3683,-100.351,63.0,46,1,5.75
265,Ruidoso,US,2021-04-02 15:57:08,33.3317,-105.673,57.99,34,1,7.07
266,Krasnoye,UA,2021-04-02 15:57:08,49.9145,24.6134,50.0,34,0,8.95
267,Asau,RO,2021-04-02 15:57:09,46.4333,26.4,48.99,56,99,4.61
268,Adamas,GR,2021-04-02 15:57:09,36.7333,24.4333,62.6,72,20,12.66
269,Avarua,CK,2021-04-02 15:57:09,-21.2078,-159.775,78.8,83,20,4.61
270,Olafsvik,IS,2021-04-02 15:57:09,64.8945,-23.7142,41.68,87,26,17.29
271,Newnan,US,2021-04-02 15:54:38,33.3807,-84.7997,48.99,27,1,9.22
272,Berasia,IN,2021-04-02 15:57:10,23.6333,77.4333,82.4,24,0,3.44
273,Coihaique,CL,2021-04-02 15:57:11,-45.5752,-72.0662,59.0,77,75,6.91
274,Ucluelet,CA,2021-04-02 15:53:52,48.9329,-125.5528,41.0,93,90,3.44
275,Bathsheba,BB,2021-04-02 15:57:11,13.2167,-59.5167,84.2,48,20,18.41
276,Plettenberg Bay,ZA,2021-04-02 15:57:11,-34.0527,23.3716,60.67,79,97,2.57
277,Mersin,TR,2021-04-02 15:57:12,36.862,34.6509,55.4,76,75,4.07
278,Ust-Tsilma,RU,2021-04-02 15:57:12,65.441,52.1498,25.12,94,90,4.12
279,Bijapur,IN,2021-04-02 15:57:13,16.8333,75.7,89.49,16,25,8.84
280,Inta,RU,2021-04-02 15:57:13,66.0317,60.1659,26.6,95,100,7.78
281,Port Augusta,AU,2021-04-02 15:57:14,-32.5,137.7667,64.0,48,0,5.75
282,Vana-Vigala,EE,2021-04-02 15:57:14,58.7806,24.2522,39.2,70,20,13.8
283,North Bend,US,2021-04-02 15:57:14,43.4065,-124.2243,44.01,93,90,3.44
284,Komsomolskiy,UZ,2021-04-02 15:57:15,40.4272,71.7189,46.4,31,0,4.61
285,Dire Dawa,ET,2021-04-02 15:57:15,9.5931,41.8661,76.69,18,1,7.67
286,Petukhovo,RU,2021-04-02 15:57:15,55.0692,67.9019,32.14,83,64,16.8
287,Marin,US,2021-04-02 15:57:16,38.0666,-122.7344,51.01,93,1,6.91
288,Kalmunai,LK,2021-04-02 15:56:07,7.4167,81.8167,81.21,86,82,3.94
289,Pahrump,US,2021-04-02 15:55:00,36.2083,-115.9839,55.4,14,1,3.44
290,Boda,CF,2021-04-02 15:57:17,4.3189,17.4695,96.06,18,99,5.39
291,Bambous Virieux,MU,2021-04-02 15:57:17,-20.3428,57.7575,79.0,89,40,6.91
292,Buritizeiro,BR,2021-04-02 15:54:36,-17.3511,-44.9622,92.98,36,5,3.56
293,Campo Verde,BR,2021-04-02 15:57:18,-20.4167,-54.0667,84.2,45,0,6.91
294,Naze,JP,2021-04-02 15:56:09,28.3667,129.4833,66.58,93,100,16.44
295,Ixtapa,MX,2021-04-02 15:57:18,20.7,-105.2,75.2,57,1,3.44
296,Collie,AU,2021-04-02 15:57:19,-33.3667,116.15,61.0,82,69,1.99
297,Chik Ballapur,IN,2021-04-02 15:57:19,13.4342,77.7242,84.2,23,60,3.44
298,Heihe,CN,2021-04-02 15:57:20,50.2441,127.4902,35.6,69,20,13.42
299,Masyaf,SY,2021-04-02 15:57:20,35.0653,36.3406,51.8,87,75,11.5
300,Viedma,AR,2021-04-02 15:57:20,-40.8135,-62.9967,77.14,36,39,14.47
301,Sakakah,SA,2021-04-02 15:57:21,29.9697,40.2064,69.8,21,0,19.57
302,Riosucio,CO,2021-04-02 15:57:21,5.4216,-75.7032,73.4,73,20,9.22
303,Sohag,EG,2021-04-02 15:57:21,26.557,31.6948,73.4,25,0,12.66
304,Sao Filipe,CV,2021-04-02 15:57:22,14.8961,-24.4956,75.67,64,1,9.78
305,Richards Bay,ZA,2021-04-02 15:57:22,-28.783,32.0377,76.69,77,1,12.71
306,Flin Flon,CA,2021-04-02 15:53:33,54.7682,-101.865,42.8,39,20,17.27
307,Fort Nelson,CA,2021-04-02 15:57:22,58.8053,-122.7002,12.2,62,75,8.05
308,Mocuba,MZ,2021-04-02 15:57:23,-16.8392,36.9856,72.48,84,29,4.88
309,Launceston,AU,2021-04-02 15:57:23,-41.45,147.1667,59.0,88,90,10.36
310,Nome,US,2021-04-02 15:57:23,64.5011,-165.4064,7.0,85,90,27.63
311,Ostrogozhsk,RU,2021-04-02 15:57:24,50.8664,39.0756,52.81,60,100,9.37
312,Verkhnevilyuysk,RU,2021-04-02 15:57:24,63.4453,120.3167,-4.65,94,86,7.87
313,Leningradskiy,RU,2021-04-02 15:57:25,69.3833,178.4167,-20.31,100,98,1.66
314,Tabuk,PH,2021-04-02 15:57:25,17.4189,121.4443,73.22,71,6,3.0
315,Nador,MA,2021-04-02 15:57:25,35.174,-2.9287,68.0,52,20,12.66
316,Den Helder,NL,2021-04-02 15:57:25,52.9599,4.7593,45.0,76,75,16.11
317,Margate,GB,2021-04-02 15:57:26,51.3813,1.3862,45.0,70,29,5.01
318,Aksarka,RU,2021-04-02 15:57:26,66.5606,67.7975,28.94,98,100,4.18
319,Phu Ly,VN,2021-04-02 15:57:27,20.5411,105.9139,75.67,94,63,5.93
320,Qandala,SO,2021-04-02 15:57:27,11.472,49.8728,82.26,56,2,0.69
321,Ancud,CL,2021-04-02 15:57:28,-41.8697,-73.8203,55.99,87,90,2.3
322,Lethem,GY,2021-04-02 15:57:28,3.3803,-59.7968,93.94,37,79,10.85
323,Taoudenni,ML,2021-04-02 15:57:29,22.6783,-3.9836,102.56,5,6,3.96
324,Lazaro Cardenas,MX,2021-04-02 15:57:29,17.9583,-102.2,88.29,35,2,5.08
325,Belmonte,BR,2021-04-02 15:57:29,-15.8631,-38.8828,82.4,78,40,5.75
326,Praia Da Vitoria,PT,2021-04-02 15:57:30,38.7333,-27.0667,61.0,88,75,23.67
327,Suamico,US,2021-04-02 15:57:30,44.6319,-88.0393,44.01,52,1,10.36
328,Alice Springs,AU,2021-04-02 15:57:30,-23.7,133.8833,64.4,59,0,5.75
329,Olinda,BR,2021-04-02 15:57:31,-8.0089,-34.8553,84.2,58,20,8.05
330,Yurla,RU,2021-04-02 15:57:31,59.3259,54.3223,32.47,95,100,3.65
331,Port Moresby,PG,2021-04-02 15:57:32,-9.4431,147.1797,75.2,100,20,6.91
332,Kloulklubed,PW,2021-04-02 15:57:32,7.0419,134.2556,78.8,94,75,10.6
333,Corsicana,US,2021-04-02 15:56:50,32.0954,-96.4689,57.99,43,1,16.11
334,Araguaina,BR,2021-04-02 15:57:32,-7.1911,-48.2072,84.25,65,60,5.19
335,Guerrero Negro,MX,2021-04-02 15:57:33,27.9769,-114.0611,62.6,65,24,8.46
336,Emerald,AU,2021-04-02 15:57:33,-23.5333,148.1667,68.0,64,1,10.36
337,Vanavara,RU,2021-04-02 15:57:34,60.34,102.2797,26.31,95,100,10.16
338,Port Hedland,AU,2021-04-02 15:57:34,-20.3167,118.5667,75.2,60,1,6.91
339,Narsaq,GL,2021-04-02 15:57:34,60.9167,-46.05,39.2,81,75,3.44
340,Boa Vista,BR,2021-04-02 15:55:09,2.8197,-60.6733,89.6,45,75,12.66
341,Omboue,GA,2021-04-02 15:57:35,-1.5746,9.2618,82.62,72,93,7.65
342,Kazachinskoye,RU,2021-04-02 15:57:36,57.6953,93.2761,30.33,88,100,12.15
343,Road Town,VG,2021-04-02 15:57:36,18.4167,-64.6167,82.4,61,40,17.27
344,Kokopo,PG,2021-04-02 15:57:37,-4.352,152.2633,79.41,81,100,1.41
345,Blagoyevo,RU,2021-04-02 15:57:37,63.3667,47.9167,27.81,96,97,0.96
346,Itupiranga,BR,2021-04-02 15:55:42,-5.1347,-49.3267,82.4,83,40,6.91
347,Havre-Saint-Pierre,CA,2021-04-02 15:57:37,50.2334,-63.5986,33.8,93,90,6.91
348,Batagay-Alyta,RU,2021-04-02 15:57:38,67.8006,130.4114,-2.36,98,100,5.68
349,Kalianget,ID,2021-04-02 15:57:38,-7.05,113.9333,81.14,78,84,3.22
350,Niteroi,BR,2021-04-02 15:57:38,-22.8833,-43.1036,82.4,65,40,6.91
351,Grand Gaube,MU,2021-04-02 15:57:39,-20.0064,57.6608,79.0,80,6,3.0
352,Mahebourg,MU,2021-04-02 15:57:39,-20.4081,57.7,78.8,89,40,6.91
353,Rawson,AR,2021-04-02 15:56:32,-43.3002,-65.1023,68.85,56,100,15.97
354,Axim,GH,2021-04-02 15:57:40,4.8699,-2.2405,83.41,74,78,11.12
355,Kyra,RU,2021-04-02 15:57:40,49.5776,111.9753,24.57,68,0,3.8
356,Talara,PE,2021-04-02 15:57:41,-4.5772,-81.2719,82.4,54,0,17.27
357,Serebryansk,KZ,2021-04-02 15:57:41,49.6925,83.2892,26.6,68,15,2.24
358,Mosquera,CO,2021-04-02 15:57:41,4.7059,-74.2302,64.4,55,75,8.05
359,Ahipara,NZ,2021-04-02 15:57:42,-35.1667,173.1667,63.36,80,44,10.58
360,Caxito,AO,2021-04-02 15:57:42,-8.5785,13.6643,86.0,70,20,12.66
361,Ondjiva,AO,2021-04-02 15:57:43,-17.0667,15.7333,86.0,48,40,6.91
362,Zuidhorn,NL,2021-04-02 15:57:43,53.2467,6.4028,46.0,81,75,16.11
363,San Patricio,US,2021-04-02 15:57:44,28.017,-97.5169,70.0,49,75,14.97
364,Constitucion,CL,2021-04-02 15:57:44,-35.3333,-72.4167,66.65,57,12,6.78
365,Balkhash,KZ,2021-04-02 15:57:45,46.844,74.9804,38.12,61,9,3.94
366,Souillac,MU,2021-04-02 15:57:45,-20.5167,57.5167,78.8,89,40,6.91
367,Yatou,CN,2021-04-02 15:57:45,37.15,122.3833,46.18,97,100,10.07
368,Sol-Iletsk,RU,2021-04-02 15:57:45,51.1631,54.9918,29.12,94,72,8.43
369,Wamba,NG,2021-04-02 15:57:46,8.9333,8.6,100.8,8,43,7.65
370,Geraldton,AU,2021-04-02 15:57:46,-28.7667,114.6,71.6,94,40,5.75
371,Itarema,BR,2021-04-02 15:57:47,-2.9248,-39.9167,86.92,57,25,13.4
372,Labrea,BR,2021-04-02 15:57:47,-7.2586,-64.7981,83.55,77,60,4.05
373,Rudnya,RU,2021-04-02 15:57:47,54.947,31.0934,42.8,52,75,6.71
374,Manowa,SL,2021-04-02 15:57:48,8.1667,-10.75,101.79,22,33,0.38
375,Iqaluit,CA,2021-04-02 15:57:48,63.7506,-68.5145,-13.0,64,20,2.3
376,Guarapari,BR,2021-04-02 15:57:48,-20.6667,-40.4975,80.6,69,0,12.66
377,Saquarema,BR,2021-04-02 15:57:48,-22.92,-42.5103,82.4,61,40,13.8
378,Saint-Joseph,RE,2021-04-02 15:57:49,-21.3667,55.6167,77.0,83,75,18.41
379,Aripuana,BR,2021-04-02 15:57:49,-9.1667,-60.6333,87.67,57,78,3.4
380,Usinsk,RU,2021-04-02 15:53:16,65.9939,57.5281,29.28,97,100,8.93
381,Tahoua,NE,2021-04-02 15:57:50,14.8888,5.2692,96.8,5,0,13.8
382,Los Llanos De Aridane,ES,2021-04-02 15:57:51,28.6585,-17.9182,73.4,60,40,6.91
383,Bonthe,SL,2021-04-02 15:57:51,7.5264,-12.505,85.82,66,76,12.12
384,Yuryuzan,RU,2021-04-02 15:57:51,54.8633,58.4219,33.62,82,100,5.41
385,Sibolga,ID,2021-04-02 15:57:52,1.7427,98.7792,77.59,86,100,4.03
386,Maragogi,BR,2021-04-02 15:55:48,-9.0122,-35.2225,85.57,55,79,10.42
387,Sumbe,AO,2021-04-02 15:57:52,-11.2061,13.8437,83.07,74,50,9.37
388,Redcliffe,AU,2021-04-02 15:57:52,-27.2307,153.0973,69.01,73,75,9.22
389,Agadez,NE,2021-04-02 15:57:53,19.75,10.25,84.67,8,0,12.1
390,Thomasville,US,2021-04-02 15:55:08,35.8826,-80.082,43.0,37,0,3.0
391,Marzuq,YE,2021-04-02 15:57:53,14.4,46.4667,75.69,27,0,9.69
392,Agnibilekrou,CI,2021-04-02 15:57:53,7.1344,-3.2047,99.18,23,74,4.41
393,Nizhniy Kuranakh,RU,2021-04-02 15:57:54,58.8353,125.4869,-4.68,99,52,3.2
394,Gat,IL,2021-04-02 15:57:01,31.61,34.7642,61.0,100,13,12.01
395,Champerico,GT,2021-04-02 15:57:54,14.3,-91.9167,87.8,51,0,6.91
396,Tura,IN,2021-04-02 15:57:54,25.5198,90.2201,74.46,16,0,3.71
397,Vestmannaeyjar,IS,2021-04-02 15:57:55,63.4427,-20.2734,42.8,81,75,14.97
398,Champasak,LA,2021-04-02 15:57:55,14.75,106.0,74.12,91,23,2.39
399,Pershotravneve,UA,2021-04-02 15:57:56,51.3929,28.8684,44.62,55,52,4.79
400,Ciudad Bolivar,VE,2021-04-02 15:57:56,8.1222,-63.5497,92.93,32,32,11.27
401,Abu Dhabi,AE,2021-04-02 15:57:57,24.4667,54.3667,84.2,51,0,5.75
402,Port-Gentil,GA,2021-04-02 15:57:57,-0.7193,8.7815,82.4,78,20,12.66
403,Esperance,AU,2021-04-02 15:57:57,-33.8667,121.9,66.2,94,90,8.05
404,Labytnangi,RU,2021-04-02 15:53:23,66.6572,66.4183,29.97,98,100,3.8
405,Mushie,CD,2021-04-02 15:57:58,-3.0167,16.9,82.2,72,96,6.62
406,Hami,CN,2021-04-02 15:57:58,42.8,93.45,51.39,14,3,7.02
407,Zhangye,CN,2021-04-02 15:57:59,38.9342,100.4517,46.29,18,100,4.0
408,Comodoro Rivadavia,AR,2021-04-02 15:57:59,-45.8667,-67.5,68.0,56,20,8.05
409,Sao Caetano De Odivelas,BR,2021-04-02 15:58:00,-0.75,-48.02,81.93,77,77,3.15
410,Lubango,AO,2021-04-02 15:55:20,-14.9172,13.4925,67.87,81,79,5.53
411,Kualakapuas,ID,2021-04-02 15:58:00,-3.0091,114.3876,78.8,94,78,3.44
412,Harrismith,ZA,2021-04-02 15:58:01,-28.2728,29.1295,65.68,42,32,6.15
413,Kota Tinggi,MY,2021-04-02 15:54:33,1.7381,103.8999,78.8,94,20,1.14
414,Florianopolis,BR,2021-04-02 15:58:01,-27.6146,-48.5012,82.0,57,40,12.66
415,Kibala,TD,2021-04-02 15:58:02,9.1104,18.3463,104.0,9,0,6.91
416,Sayyan,YE,2021-04-02 15:58:02,15.1718,44.3244,66.09,25,3,3.83
417,Nelidovo,RU,2021-04-02 15:58:03,56.2211,32.7774,37.13,78,81,5.19
418,Kamien Pomorski,PL,2021-04-02 15:58:03,53.9685,14.7726,46.0,65,75,8.05
419,Kurilsk,RU,2021-04-02 15:58:04,45.2333,147.8833,35.56,68,89,7.85
420,Bafra,TR,2021-04-02 15:58:04,41.5678,35.9069,50.0,87,75,5.75
421,Makakilo City,US,2021-04-02 15:58:05,21.3469,-158.0858,71.6,77,1,5.75
422,Puerto Del Rosario,ES,2021-04-02 15:56:11,28.5004,-13.8627,69.8,68,20,16.11
423,Victoria,HK,2021-04-02 15:56:24,22.2855,114.1577,78.01,89,1,4.88
424,Chickasha,US,2021-04-02 15:58:05,35.0526,-97.9364,60.8,33,1,18.41
425,Gizo,SB,2021-04-02 15:58:06,-8.103,156.8419,82.02,76,99,1.03
426,Veraval,IN,2021-04-02 15:58:06,20.9,70.3667,79.09,78,79,6.87
427,Boyolangu,ID,2021-04-02 15:58:06,-8.1181,111.8935,77.41,85,92,0.69
428,Dalvik,IS,2021-04-02 15:58:07,65.9702,-18.5286,46.4,49,0,23.02
429,Tolaga Bay,NZ,2021-04-02 15:58:07,-38.3667,178.3,58.46,78,100,18.97
430,Mitsamiouli,KM,2021-04-02 15:58:07,-11.3847,43.2844,83.23,73,18,7.87
431,Villa Maria,AR,2021-04-02 15:58:08,-32.4075,-63.2402,73.0,65,20,1.99
432,Klaksvik,FO,2021-04-02 15:58:08,62.2266,-6.589,44.6,81,75,9.22
433,Coquimbo,CL,2021-04-02 15:58:09,-29.9533,-71.3436,62.6,72,20,9.22
434,Santo Antonio Do Sudoeste,BR,2021-04-02 15:58:09,-26.0736,-53.7253,78.44,40,0,4.65
435,Bahua,IN,2021-04-02 15:58:09,25.85,80.6333,83.93,6,0,5.48
436,Husavik,IS,2021-04-02 15:58:10,66.0449,-17.3389,46.4,49,0,23.02
437,Acapulco,MX,2021-04-02 15:54:52,16.8634,-99.8901,87.8,42,1,2.89
438,Frome,GB,2021-04-02 15:58:10,51.2283,-2.3221,52.0,63,5,5.01
439,Xapuri,BR,2021-04-02 15:58:11,-10.6517,-68.5044,84.2,79,75,4.61
440,Puerto Escondido,MX,2021-04-02 15:58:11,15.85,-97.0667,89.73,31,0,1.95
441,Glen Allen,US,2021-04-02 15:58:11,37.666,-77.5064,42.01,35,20,13.8
442,Muros,ES,2021-04-02 15:58:12,42.7762,-9.0603,61.0,83,98,5.99
443,Karia,NG,2021-04-02 15:58:12,11.7306,11.1629,94.86,7,69,14.92
444,Mombaca,BR,2021-04-02 15:58:12,-5.7431,-39.6275,91.69,36,54,7.9
445,Saint Anthony,US,2021-04-02 15:58:13,45.0205,-93.218,48.99,36,1,17.27
446,Santa Barbara,US,2021-04-02 15:58:13,34.7333,-120.0343,64.0,76,1,3.38
447,Bonavista,CA,2021-04-02 15:58:14,48.6499,-53.1147,55.4,47,99,8.05
448,Bairiki,KI,2021-04-02 15:58:14,1.3292,172.9752,80.6,89,40,5.75
449,Lensk,RU,2021-04-02 15:58:15,60.7253,114.9278,-0.56,99,99,2.26
450,Awjilah,LY,2021-04-02 15:58:15,29.1081,21.2869,72.75,19,0,5.06
451,Marawi,PH,2021-04-02 15:58:15,7.9986,124.2928,69.03,97,100,1.66
452,Micheweni,TZ,2021-04-02 15:58:16,-4.9667,39.8333,81.63,79,95,15.52
453,Ngorongoro,TZ,2021-04-02 15:58:16,-3.2397,35.4875,54.7,90,100,4.5
454,Chara,RU,2021-04-02 15:58:17,56.9064,118.2631,-5.08,67,16,2.77
455,Ninotsminda,GE,2021-04-02 15:58:17,41.2646,43.5916,44.6,49,40,10.36
456,Narasannapeta,IN,2021-04-02 15:58:18,18.4167,84.05,79.97,93,10,4.74
457,Kutum,SD,2021-04-02 15:58:18,14.2,24.6667,84.85,10,4,12.59
458,Anadyr,RU,2021-04-02 15:58:19,64.75,177.4833,8.6,85,90,33.55
459,Tres Arroyos,AR,2021-04-02 15:58:19,-38.3739,-60.2798,73.62,40,32,12.26
460,Sinop,TR,2021-04-02 15:58:19,41.7711,34.8709,43.36,92,92,2.28
461,Udachnyy,RU,2021-04-02 15:58:20,66.4167,112.4,-24.99,100,96,4.65
462,La Romana,DO,2021-04-02 15:58:20,18.4273,-68.9728,84.2,70,75,9.22
463,Machilipatnam,IN,2021-04-02 15:58:21,16.1667,81.1333,87.8,84,65,5.75
464,Sainte-Thecle,CA,2021-04-02 15:58:21,46.8168,-72.4991,30.2,50,100,6.91
465,Nakhon Sawan,TH,2021-04-02 15:58:22,15.7,100.0833,87.01,69,99,3.24
466,Brae,GB,2021-04-02 15:58:22,60.3964,-1.353,44.6,61,40,14.97
467,Leh,IN,2021-04-02 15:58:23,34.1667,77.5833,29.97,38,100,6.31
468,Liuzhou,CN,2021-04-02 15:58:23,24.3126,109.3892,73.89,87,23,3.83
469,Barao De Melgaco,BR,2021-04-02 15:58:24,-16.1944,-55.9675,87.8,58,20,5.75
470,Alamogordo,US,2021-04-02 15:55:36,32.8995,-105.9603,64.99,23,1,10.36
471,Jurilovca,RO,2021-04-02 15:58:24,44.7667,28.8667,59.0,67,20,5.75
472,Norsup,VU,2021-04-02 15:58:25,-16.0667,167.3833,80.13,83,100,0.87
473,Xining,CN,2021-04-02 15:58:25,36.6167,101.7667,33.04,84,100,5.68
474,Karachi,PK,2021-04-02 15:55:33,24.9056,67.0822,86.0,17,0,5.75
475,Mamou,GN,2021-04-02 15:58:25,10.5,-12.0,99.27,13,5,7.29
476,Lahaina,US,2021-04-02 15:58:26,20.8783,-156.6825,68.0,100,40,6.91
477,Careiro Da Varzea,BR,2021-04-02 15:58:26,-3.2003,-59.8119,87.8,74,40,6.91
478,Bam,IR,2021-04-02 15:58:27,29.106,58.357,80.62,10,3,4.76
479,Eastbourne,GB,2021-04-02 15:58:27,50.7687,0.2845,52.0,64,4,11.01
480,Acajutla,SV,2021-04-02 15:55:51,13.5928,-89.8275,82.4,44,0,4.61
481,Timizart,DZ,2021-04-02 15:58:14,36.8,4.2667,64.18,66,67,6.64
482,Keuruu,FI,2021-04-02 15:58:27,62.2667,24.7,41.0,75,0,4.61
483,Beyneu,KZ,2021-04-02 15:58:28,45.3167,55.2,57.42,27,88,22.75
484,Wanaka,NZ,2021-04-02 15:58:28,-44.7,169.15,41.9,70,11,2.77
485,Camana,PE,2021-04-02 15:58:28,-16.6228,-72.7111,74.19,72,45,11.32
486,Hualmay,PE,2021-04-02 15:58:29,-11.0964,-77.6139,73.71,73,35,8.28
487,Bambui,BR,2021-04-02 15:56:41,-20.0064,-45.9769,84.06,40,4,2.68
488,Noumea,NC,2021-04-02 15:58:29,-22.2763,166.4572,78.01,100,90,6.91
489,Taber,CA,2021-04-02 15:58:30,49.8167,-112.1518,39.2,56,1,8.05
490,Zhangjiakou,CN,2021-04-02 15:58:30,40.81,114.8794,47.26,44,100,10.51
491,Ribas Do Rio Pardo,BR,2021-04-02 15:58:30,-20.4431,-53.7592,89.73,34,92,5.59
492,Buin,CL,2021-04-02 15:58:31,-33.7333,-70.75,64.4,67,100,3.58
493,Jibuti,DJ,2021-04-02 15:58:31,11.5,42.5,86.0,45,1,4.61
494,Iberia,US,2021-04-02 15:58:32,29.9502,-91.7507,54.0,37,1,11.5
495,Grenfell,AU,2021-04-02 15:58:32,-33.9,148.1667,60.66,62,0,4.09
496,Kitimat,CA,2021-04-02 15:58:32,54.0524,-128.6534,34.0,96,100,3.02
497,Mazagao,BR,2021-04-02 15:58:33,-0.115,-51.2894,89.6,79,75,2.3
498,Palu,ID,2021-04-02 15:58:33,-0.8917,119.8707,76.23,89,100,2.01
499,Valparaiso,CL,2021-04-02 15:58:33,-33.0393,-71.6273,60.8,82,75,3.44
500,Ranong,TH,2021-04-02 15:58:34,9.9658,98.6348,80.01,82,94,8.03
501,Nikolayevka,RU,2021-04-02 15:58:34,53.1257,47.2041,35.01,85,40,6.67
502,Havoysund,NO,2021-04-02 15:58:34,70.9963,24.6622,35.6,80,90,9.22
503,Poum,NC,2021-04-02 15:58:34,-20.2333,164.0167,77.18,90,100,13.6
504,Marmaris,TR,2021-04-02 15:58:35,36.855,28.2742,62.6,59,20,13.8
505,Mulege,MX,2021-04-02 15:58:35,26.8833,-111.9833,73.53,35,39,4.07
506,Baijiantan,CN,2021-04-02 15:58:36,45.6333,85.1833,48.65,39,100,2.84
507,Nanakuli,US,2021-04-02 15:58:36,21.3906,-158.1547,71.01,77,1,5.75
508,Kawalu,ID,2021-04-02 15:58:36,-7.3817,108.2082,72.79,95,97,3.04
509,Imbituba,BR,2021-04-02 15:58:37,-28.24,-48.6703,78.8,57,40,12.66
510,Whitehaven,GB,2021-04-02 15:58:37,54.549,-3.5841,51.01,62,0,1.99
511,Menongue,AO,2021-04-02 15:58:37,-14.6585,17.691,70.36,84,97,5.32
512,Gogrial,SS,2021-04-02 15:58:38,8.5332,28.1004,95.49,11,53,6.49
513,Nemuro,JP,2021-04-02 15:58:38,43.3236,145.575,37.33,83,91,14.18
514,Lodja,CD,2021-04-02 15:58:40,-3.4833,23.4333,75.81,89,87,1.61
515,Matola,MZ,2021-04-02 15:58:40,-25.9622,32.4589,80.6,65,20,14.97
516,Manaus,BR,2021-04-02 15:56:25,-3.1019,-60.025,87.8,74,40,6.91
517,Kenai,US,2021-04-02 15:58:41,60.5544,-151.2583,1.4,85,1,6.8
518,Vardo,NO,2021-04-02 15:58:41,70.3705,31.1107,32.94,71,98,5.19
519,Dax,FR,2021-04-02 15:58:41,43.75,-1.1667,69.01,72,90,11.5
520,Linjiang,CN,2021-04-02 15:58:41,41.8069,126.9078,48.87,80,100,1.59
521,Storforshei,NO,2021-04-02 15:58:42,66.4043,14.5233,35.01,77,98,1.99
522,Rosarito,MX,2021-04-02 15:58:42,32.3333,-117.0333,60.8,72,1,6.91
523,Bourail,NC,2021-04-02 15:58:43,-21.5667,165.4833,73.13,91,100,10.98
524,Seoul,KR,2021-04-02 15:55:36,37.5683,126.9778,62.6,58,0,2.3
525,Dobson,US,2021-04-02 15:58:43,36.3957,-80.7226,41.0,38,0,3.0
526,Gurdaha,IN,2021-04-02 15:58:44,22.7347,88.7594,82.4,78,0,9.22
527,Adrar,MR,2021-04-02 15:58:44,20.5022,-10.0711,101.44,3,16,9.62
528,Xinyang,CN,2021-04-02 15:58:44,32.1228,114.0656,48.0,89,100,11.12
529,Hamilton,US,2021-04-02 15:56:33,39.1834,-84.5333,42.01,39,0,3.0
530,Saint-Augustin,CA,2021-04-02 15:58:45,51.226,-58.6502,36.05,99,100,11.43
531,Inuvik,CA,2021-04-02 15:58:45,68.3499,-133.7218,-18.4,76,100,2.3
532,Plattsburgh,US,2021-04-02 15:58:46,44.6995,-73.4529,28.99,40,75,11.5
533,Itaituba,BR,2021-04-02 15:58:46,-4.2761,-55.9836,86.0,70,40,5.75
534,Campoverde,PE,2021-04-02 15:58:46,-8.4753,-74.8058,84.2,70,75,4.61
535,Kabalo,CD,2021-04-02 15:58:47,-6.05,26.9167,79.93,72,85,2.24
536,Alcantara,BR,2021-04-02 15:58:47,-2.4089,-44.4147,89.6,58,75,9.22
537,Pangody,RU,2021-04-02 15:58:48,65.85,74.4859,28.31,97,100,9.64
538,Cockburn Town,TC,2021-04-02 15:58:48,21.4612,-71.1419,78.13,74,2,18.68
539,Chumikan,RU,2021-04-02 15:58:48,54.7183,135.315,29.32,97,100,19.24
540,Dickinson,US,2021-04-02 15:58:48,29.4608,-95.0513,62.01,36,1,11.5
541,Mirnyy,RU,2021-04-02 15:58:49,62.5353,113.9611,-19.26,100,48,1.68
542,Lorengau,PG,2021-04-02 15:58:49,-2.0226,147.2712,81.43,77,96,3.98
543,Lahij,YE,2021-04-02 15:58:50,13.1667,44.5833,81.66,34,2,4.52
544,Payo,ID,2021-04-02 15:58:50,-3.7508,103.6372,74.08,97,99,2.35
545,Jardim,BR,2021-04-02 15:54:54,-21.4803,-56.1381,90.63,35,86,2.91
546,Rudnogorsk,RU,2021-04-02 15:58:50,57.2639,103.7519,28.2,81,100,9.24
547,Mayo,US,2021-04-02 15:58:51,38.8876,-76.5119,41.0,48,40,16.11
548,San Jose,US,2021-04-02 15:58:38,37.3394,-121.895,59.0,71,20,3.44
549,Severnyy-Kospashskiy,RU,2021-04-02 15:58:51,59.0925,57.8008,33.01,86,100,4.45
550,Scarborough,GB,2021-04-02 15:58:52,54.2797,-0.4044,46.99,81,90,7.0
551,Russellville,US,2021-04-02 15:58:52,35.2784,-93.1338,51.01,46,1,6.91
552,Presidencia Roque Saenz Pena,AR,2021-04-02 15:58:18,-26.7852,-60.4388,79.0,44,0,4.0
553,Chuy,UY,2021-04-02 15:58:53,-33.6971,-53.4616,72.59,57,60,7.74
554,Thinadhoo,MV,2021-04-02 15:58:53,0.5333,72.9333,83.28,78,50,19.06
555,Port Shepstone,ZA,2021-04-02 15:58:54,-30.7414,30.455,73.63,82,100,28.61
556,Voi,KE,2021-04-02 15:58:54,-3.3945,38.563,80.67,59,61,13.11
557,Talcahuano,CL,2021-04-02 15:58:55,-36.7167,-73.1167,62.6,67,40,6.91
558,Hervey Bay,AU,2021-04-02 15:58:55,-25.2986,152.8535,71.01,77,70,5.99
559,Arona,ES,2021-04-02 15:56:10,28.0996,-16.681,73.4,56,20,20.71
560,Dukat,RU,2021-04-02 15:58:56,62.55,155.55,-11.42,99,95,5.68
561,Ibra,OM,2021-04-02 15:58:56,22.6906,58.5334,84.67,18,2,9.48
562,Harnosand,SE,2021-04-02 15:58:56,62.6323,17.9379,44.01,42,75,16.11
563,Boden,SE,2021-04-02 15:58:57,65.8252,21.6886,42.8,45,0,14.97
564,Tzaneen,ZA,2021-04-02 15:58:57,-23.8332,30.1635,69.8,64,0,8.05
565,Parabel,RU,2021-04-02 15:58:58,58.6978,81.4825,32.68,92,100,11.99
566,Northam,GB,2021-04-02 15:58:58,51.0333,-4.2167,54.0,56,0,1.01
567,Teguldet,RU,2021-04-02 15:58:59,57.3064,88.1667,29.14,94,100,11.86
568,Sola,VU,2021-04-02 15:58:59,-13.8833,167.55,81.91,76,98,9.01
